primary_label,filename,url,license
81930,81930/001012431-riveros-toad-rhinella-humboldt.wav,,
21038,21038/7224Colostethus inguinalis.wav,,
turvul,turvul/turvul_ebird.wav,,
turvul,turvul/XC381486.wav,,
turvul,turvul/XC552488.wav,,
turvul,turvul/XC39894.wav,,
turvul,turvul/AQN44Jrf-TYl6429ARUynvFjvGfop_cmyBPc_wq3OuRGydZuKqpshIeQrqbpc34i98DRLjAGwErt-97WgDCxobpm.wav,,
turvul,turvul/XC764680.wav,,
turvul,turvul/XC520288.wav,,
528041,528041/MNHN-SO-2019-1574.wav,,
66531,66531/XC982573 - Pristimantis achatinus.wav,,
66531,66531/7864Pristimantis_achatinus.wav,,
66016,66016/Lithobates vaillanti_Guía Anfibios de la Península Mexicana de Yucatán_2019.wav,,
42087,42087/XC998017 - Crab-eating Fox - Cerdocyon thous.wav,,
42087,42087/XC997151 - Crab-eating Fox - Cerdocyon thous.wav,,
42087,42087/XC998019 - Crab-eating Fox - Cerdocyon thous.wav,,
64862,64862/XC972287 - Allobates niputidea.wav,,
41778,41778/XC997153.wav,,
41778,41778/XC987233.wav,,
42113,42113/aa0000585.wav,,
42113,42113/aa0000603.wav,,
42113,42113/Javelinas fighting.wav,,
42113,42113/AQOnP1ww6kWQF2Ty4JbaKgTcfzDDrp5hCFzKsiiUhsjvT2XCQw6NUKrUrIo2ZTU0J-g0kWansR3idtKYjAWCSD_v8Gc3iUGR4SVCtM5kdPo67CeOoc5uGfNBinX3q4YuR7ifoS6kpw.wav,,
42113,42113/file.wav,,
42113,42113/XC975063.wav,,
42113,42113/aa0000604.wav,,
42113,42113/Javelina Noises.wav,,
42113,42113/aa0000775.wav,,
42113,42113/aa0000774.wav,,
42113,42113/aa0000601.wav,,
42113,42113/aa0000776.wav,,
42113,42113/aa0000602.wav,,
47067,47067/Brown-Throated-Sloth-Baby.wav,,
47067,47067/Brown-throated Three toed Sloth with nursing baby.wav,,
555142,555142/Boana_pugnax61.wav,,
1139490,1139490/2391.wav,,
66578,66578/Pristimantis_bogotensis15.wav,,
868458,868458/2388.wav,,
868458,868458/2535.wav,,
